,profile name,profile bio,followerscount,following count,location
0,GTN UK,"Providing Entertainment & Travel to Commercial Radio. Reaching 28.9M weekly listeners. Winners of The Arqiva National Sales Team of the Year 2010, 2011 & 2016",136,456,"London,England"
1,WhatsApp,"push,push",          5.5M,4,Calfornia
2,A&A Customs Broker,customs broker,44,124,"Florida,USA"
3,A&A Customs Brokers,A & A Freight  Warehousing  Customs Brokerage  Helping people ship across borders.,700,3889,Worldwide
4,A&A Window Products,A commercial glass and glazing company serving the window industry in New England since 1954,82,88,"Malden,MA"
5,A&B Kia,"A&B Kia is a Kia dealer in Benwood, WV. Stay connected to exceed expectations. Build strong relationships. Drive the best with us.",298,333,"Benwood,West Virginia"
6,A&B Home,"Industry leader in wholesale home decor, furniture, and garden, since 1993.",367,178,"Rancho Cucamonga,CA"
7,A&B Reprographics,"From large format black & white prints to the most sophisticated of digital color printing jobs, A & B can get the job done right.",134,123,"Bentonville,AR"
8,X,what's happening?!,        68.4M,0,everywhere
9,A&C CHRISTOFI LTD,"A & C CHRISTOFI LTD is a fast growing professional services company based in Limassol, Cyprus. Our main Concern is your Business.",93,291,Cyprus
10,A&E Clothing,Used clothing Distributor,17,0,Carteret
11,X,what's happening?!,        68.4M,0,what's happening?!
12,A&E Technologies,none,34,1,"Boulder,CO USA"
13,Wix,"Create, manage and grow your business online with Wix. It's more than just a website builder, it's how your vision comes to life. For support: @WixHelp.",          414K,3726,We're everywhere
14,A& Insurance LLC,"A & G Insurance prides itself on being your local, full service, Independent Insurance Agency.",100,257,Connecticut
,,,,,
,,,,,
,,,,,
,,,,,
,,,,,
,,,,,
,,,,,
,,,,,
,,,,,
